user_id,department_id,role,start_semester,end_semester
00000000-0000-0000-0000-000000000610,6060,major,112-1,113-2
00000000-0000-0000-0000-000000000346,H040,major,110-1,113-2
00000000-0000-0000-0000-000000000443,A011,major,108-1,113-2
00000000-0000-0000-0000-000000000274,3020,major,113-1,113-2
00000000-0000-0000-0000-000000000450,6070,major,113-1,113-2
00000000-0000-0000-0000-000000000311,6100,major,108-1,113-2
00000000-0000-0000-0000-000000000311,3020,minor,108-1,109-2
00000000-0000-0000-0000-000000000311,3022,double_major,109-1,111-1
00000000-0000-0000-0000-000000000473,3100,major,113-1,113-2
00000000-0000-0000-0000-000000000473,1060,double_major,113-1,113-2
00000000-0000-0000-0000-000000000525,7050,major,113-1,113-2
00000000-0000-0000-0000-000000000525,6090,double_major,113-1,113-2
00000000-0000-0000-0000-000000000327,5080,major,111-1,113-2
00000000-0000-0000-0000-000000000327,6080,minor,112-1,113-2
00000000-0000-0000-0000-000000000437,2070,major,107-1,113-2
00000000-0000-0000-0000-000000000437,2090,double_major,111-1,113-2
00000000-0000-0000-0000-000000000491,2010,major,109-1,113-2
00000000-0000-0000-0000-000000000491,H060,major,110-1,113-2
00000000-0000-0000-0000-000000000498,9010,major,113-1,113-2
00000000-0000-0000-0000-000000000554,A013,major,110-1,113-2
00000000-0000-0000-0000-000000000134,4060,major,113-1,113-2
00000000-0000-0000-0000-000000000470,4090,major,107-1,113-2
00000000-0000-0000-0000-000000000384,3023,major,111-1,113-2
00000000-0000-0000-0000-000000000237,3021,major,108-1,113-2
00000000-0000-0000-0000-000000000608,1050,major,112-1,113-2
00000000-0000-0000-0000-000000000156,6050,major,110-1,113-2
00000000-0000-0000-0000-000000000356,4081,major,109-1,113-2
00000000-0000-0000-0000-000000000356,1020,minor,112-1,113-2
00000000-0000-0000-0000-000000000490,1090,major,108-1,113-2
00000000-0000-0000-0000-000000000551,6050,major,110-1,113-2
00000000-0000-0000-0000-000000000275,1090,major,107-1,113-2
00000000-0000-0000-0000-000000000436,6110,major,111-1,113-2
00000000-0000-0000-0000-000000000479,30A0,major,109-1,113-2
00000000-0000-0000-0000-000000000479,4030,minor,109-1,112-1
00000000-0000-0000-0000-000000000322,A011,major,111-1,113-2
00000000-0000-0000-0000-000000000322,7011,minor,112-1,113-2
00000000-0000-0000-0000-000000000576,H040,major,110-1,113-2
00000000-0000-0000-0000-000000000582,4080,major,111-1,113-2
00000000-0000-0000-0000-000000000582,4010,double_major,113-1,113-2
00000000-0000-0000-0000-000000000333,4020,major,111-1,113-2
00000000-0000-0000-0000-000000000305,6100,major,107-1,113-2
00000000-0000-0000-0000-000000000305,6130,minor,107-1,109-1
00000000-0000-0000-0000-000000000388,6110,major,110-1,113-2
00000000-0000-0000-0000-000000000388,7011,minor,111-1,113-2
00000000-0000-0000-0000-000000000231,7012,major,110-1,113-2
00000000-0000-0000-0000-000000000559,1011,major,108-1,113-2
00000000-0000-0000-0000-000000000364,4040,major,110-1,113-2
00000000-0000-0000-0000-000000000295,6120,major,110-1,113-2
00000000-0000-0000-0000-000000000289,1060,major,111-1,113-2
00000000-0000-0000-0000-000000000171,7050,major,107-1,113-2
00000000-0000-0000-0000-000000000351,5020,major,112-1,113-2
00000000-0000-0000-0000-000000000435,6010,major,106-1,113-2
00000000-0000-0000-0000-000000000435,2070,major,107-1,113-2
00000000-0000-0000-0000-000000000438,6050,major,112-1,113-2
00000000-0000-0000-0000-000000000297,3023,major,113-1,113-2
00000000-0000-0000-0000-000000000387,6110,major,111-1,113-2
00000000-0000-0000-0000-000000000138,1010,major,111-1,113-2
00000000-0000-0000-0000-000000000138,4120,minor,111-1,112-2
00000000-0000-0000-0000-000000000273,4031,major,108-1,113-2
00000000-0000-0000-0000-000000000415,1050,major,107-1,113-2
00000000-0000-0000-0000-000000000354,4040,major,108-1,113-2
00000000-0000-0000-0000-000000000173,3021,major,108-1,113-2
00000000-0000-0000-0000-000000000626,7011,major,108-1,113-2
00000000-0000-0000-0000-000000000176,H040,major,112-1,113-2
00000000-0000-0000-0000-000000000318,4010,major,109-1,113-2
00000000-0000-0000-0000-000000000234,6010,major,107-1,113-2
00000000-0000-0000-0000-000000000157,6030,major,110-1,113-2
00000000-0000-0000-0000-000000000157,7010,double_major,113-1,113-2
00000000-0000-0000-0000-000000000414,1090,major,110-1,113-2
00000000-0000-0000-0000-000000000323,1030,major,107-1,113-2
00000000-0000-0000-0000-000000000202,6050,major,112-1,113-2
00000000-0000-0000-0000-000000000492,1060,major,108-1,113-2
00000000-0000-0000-0000-000000000329,B0A0,major,107-1,113-2
00000000-0000-0000-0000-000000000534,6150,major,109-1,113-2
00000000-0000-0000-0000-000000000534,2090,double_major,109-1,111-1
00000000-0000-0000-0000-000000000530,B0A0,major,108-1,113-2
00000000-0000-0000-0000-000000000132,A012,major,107-1,113-2
00000000-0000-0000-0000-000000000132,B010,minor,112-1,113-2
00000000-0000-0000-0000-000000000472,A011,major,110-1,113-2
00000000-0000-0000-0000-000000000428,4020,major,113-1,113-2
00000000-0000-0000-0000-000000000185,A013,major,107-1,113-2
00000000-0000-0000-0000-000000000201,1020,major,107-1,113-2
00000000-0000-0000-0000-000000000209,A013,major,109-1,113-2
00000000-0000-0000-0000-000000000209,6090,minor,111-1,113-1
00000000-0000-0000-0000-000000000209,6020,double_major,109-1,112-1
00000000-0000-0000-0000-000000000358,2010,major,110-1,113-2
00000000-0000-0000-0000-000000000358,4060,minor,110-1,113-1
00000000-0000-0000-0000-000000000198,3030,major,113-1,113-2
00000000-0000-0000-0000-000000000214,60A0,major,108-1,113-2
00000000-0000-0000-0000-000000000253,A012,major,110-1,113-2
00000000-0000-0000-0000-000000000253,6070,minor,113-1,113-2
00000000-0000-0000-0000-000000000445,H050,major,112-1,113-2
00000000-0000-0000-0000-000000000229,2040,major,110-1,113-2
00000000-0000-0000-0000-000000000229,5010,major,113-1,113-2
00000000-0000-0000-0000-000000000256,9020,major,106-1,113-2
00000000-0000-0000-0000-000000000256,6060,minor,109-1,110-2
00000000-0000-0000-0000-000000000172,7011,major,113-1,113-2
00000000-0000-0000-0000-000000000238,5010,major,108-1,113-2
00000000-0000-0000-0000-000000000238,7050,minor,108-1,109-2
00000000-0000-0000-0000-000000000474,7030,major,107-1,113-2
00000000-0000-0000-0000-000000000265,5080,major,110-1,113-2
00000000-0000-0000-0000-000000000265,1070,minor,113-1,113-2
00000000-0000-0000-0000-000000000262,H060,major,106-1,113-2
00000000-0000-0000-0000-000000000528,O010,major,107-1,113-2
00000000-0000-0000-0000-000000000528,6070,minor,113-1,113-2
00000000-0000-0000-0000-000000000484,7040,major,111-1,113-2
00000000-0000-0000-0000-000000000484,2010,major,112-1,113-2
00000000-0000-0000-0000-000000000484,4010,minor,113-1,113-2
00000000-0000-0000-0000-000000000371,7060,major,108-1,113-2
00000000-0000-0000-0000-000000000371,4090,major,111-1,113-2
00000000-0000-0000-0000-000000000179,2030,major,109-1,113-2
00000000-0000-0000-0000-000000000432,B020,major,108-1,113-2
00000000-0000-0000-0000-000000000226,B0A0,major,111-1,113-2
00000000-0000-0000-0000-000000000226,2080,minor,112-1,113-2
00000000-0000-0000-0000-000000000471,4010,major,107-1,113-2
00000000-0000-0000-0000-000000000552,7050,major,107-1,113-2
00000000-0000-0000-0000-000000000552,7060,minor,113-1,113-2
00000000-0000-0000-0000-000000000560,2030,major,108-1,113-2
00000000-0000-0000-0000-000000000560,6090,minor,111-1,113-2
00000000-0000-0000-0000-000000000523,5050,major,111-1,113-2
00000000-0000-0000-0000-000000000612,B020,major,110-1,113-2
00000000-0000-0000-0000-000000000612,1060,minor,111-1,112-2
00000000-0000-0000-0000-000000000133,1040,major,107-1,113-2
00000000-0000-0000-0000-000000000568,3022,major,113-1,113-2
00000000-0000-0000-0000-000000000150,6050,major,110-1,113-2
00000000-0000-0000-0000-000000000457,9010,major,111-1,113-2
00000000-0000-0000-0000-000000000461,7040,major,109-1,113-2
00000000-0000-0000-0000-000000000461,2040,double_major,110-1,112-2
00000000-0000-0000-0000-000000000592,7011,major,113-1,113-2
00000000-0000-0000-0000-000000000170,5080,major,112-1,113-2
00000000-0000-0000-0000-000000000170,2080,double_major,112-1,113-2
00000000-0000-0000-0000-000000000324,40A0,major,112-1,113-2
00000000-0000-0000-0000-000000000178,3021,major,110-1,113-2
00000000-0000-0000-0000-000000000499,6150,major,110-1,113-2
00000000-0000-0000-0000-000000000487,6010,major,107-1,113-2
00000000-0000-0000-0000-000000000546,5090,major,112-1,113-2
00000000-0000-0000-0000-000000000546,B020,minor,112-1,113-2
00000000-0000-0000-0000-000000000546,6030,double_major,112-1,113-2
00000000-0000-0000-0000-000000000401,Z010,major,111-1,113-2
00000000-0000-0000-0000-000000000147,6070,major,107-1,113-2
00000000-0000-0000-0000-000000000183,6080,major,109-1,113-2
00000000-0000-0000-0000-000000000183,B010,double_major,112-1,113-2
00000000-0000-0000-0000-000000000504,4030,major,108-1,113-2
00000000-0000-0000-0000-000000000188,A011,major,108-1,113-2
00000000-0000-0000-0000-000000000254,5080,major,111-1,113-2
00000000-0000-0000-0000-000000000254,4040,minor,112-1,113-2
00000000-0000-0000-0000-000000000313,2070,major,113-1,113-2
00000000-0000-0000-0000-000000000313,4120,double_major,113-1,113-2
00000000-0000-0000-0000-000000000153,2020,major,106-1,113-2
00000000-0000-0000-0000-000000000153,4030,major,108-1,113-2
00000000-0000-0000-0000-000000000153,6030,double_major,112-1,113-2
00000000-0000-0000-0000-000000000540,2070,major,110-1,113-2
00000000-0000-0000-0000-000000000194,2070,major,108-1,113-2
00000000-0000-0000-0000-000000000581,5090,major,109-1,113-2
00000000-0000-0000-0000-000000000581,3020,minor,110-1,111-2
00000000-0000-0000-0000-000000000261,B020,major,113-1,113-2
00000000-0000-0000-0000-000000000349,8010,major,111-1,113-2
00000000-0000-0000-0000-000000000345,4030,major,113-1,113-2
00000000-0000-0000-0000-000000000345,1040,double_major,113-1,113-2
00000000-0000-0000-0000-000000000617,H040,major,109-1,113-2
00000000-0000-0000-0000-000000000458,2020,major,107-1,113-2
00000000-0000-0000-0000-000000000152,4060,major,111-1,113-2
00000000-0000-0000-0000-000000000152,2090,major,112-1,113-2
00000000-0000-0000-0000-000000000279,9020,major,107-1,113-2
00000000-0000-0000-0000-000000000279,6070,major,113-1,113-2
00000000-0000-0000-0000-000000000586,6070,major,110-1,113-2
00000000-0000-0000-0000-000000000162,6070,major,108-1,113-2
00000000-0000-0000-0000-000000000464,4081,major,113-1,113-2
00000000-0000-0000-0000-000000000464,3020,minor,113-1,113-2
00000000-0000-0000-0000-000000000464,O010,double_major,113-1,113-2
00000000-0000-0000-0000-000000000343,5050,major,108-1,113-2
00000000-0000-0000-0000-000000000556,7040,major,110-1,113-2
00000000-0000-0000-0000-000000000556,1060,minor,112-1,113-2
00000000-0000-0000-0000-000000000307,4080,major,113-1,113-2
00000000-0000-0000-0000-000000000395,A012,major,111-1,113-2
00000000-0000-0000-0000-000000000395,6150,double_major,113-1,113-2
00000000-0000-0000-0000-000000000314,1040,major,112-1,113-2
00000000-0000-0000-0000-000000000503,2040,major,110-1,113-2
00000000-0000-0000-0000-000000000611,4081,major,109-1,113-2
00000000-0000-0000-0000-000000000357,O020,major,112-1,113-2
00000000-0000-0000-0000-000000000357,4090,minor,113-1,113-2
00000000-0000-0000-0000-000000000500,H050,major,110-1,113-2
00000000-0000-0000-0000-000000000500,9020,minor,111-1,113-2
00000000-0000-0000-0000-000000000585,7020,major,109-1,113-2
00000000-0000-0000-0000-000000000598,A011,major,113-1,113-2
00000000-0000-0000-0000-000000000575,5050,major,109-1,113-2
00000000-0000-0000-0000-000000000548,1010,major,108-1,113-2
00000000-0000-0000-0000-000000000486,7020,major,110-1,113-2
00000000-0000-0000-0000-000000000276,6060,major,112-1,113-2
00000000-0000-0000-0000-000000000276,4060,minor,112-1,113-2
00000000-0000-0000-0000-000000000197,3023,major,107-1,113-2
00000000-0000-0000-0000-000000000197,4090,minor,112-1,113-2
00000000-0000-0000-0000-000000000572,6110,major,112-1,113-2
00000000-0000-0000-0000-000000000423,2080,major,112-1,113-2
00000000-0000-0000-0000-000000000431,H060,major,112-1,113-2
00000000-0000-0000-0000-000000000420,4031,major,111-1,113-2
00000000-0000-0000-0000-000000000245,60A0,major,112-1,113-2
00000000-0000-0000-0000-000000000309,1030,major,107-1,113-2
00000000-0000-0000-0000-000000000442,4120,major,113-1,113-2
00000000-0000-0000-0000-000000000442,1070,minor,113-1,113-2
00000000-0000-0000-0000-000000000485,1011,major,109-1,113-2
00000000-0000-0000-0000-000000000187,2080,major,109-1,113-2
00000000-0000-0000-0000-000000000187,3100,minor,111-1,112-2
00000000-0000-0000-0000-000000000210,9020,major,108-1,113-2
00000000-0000-0000-0000-000000000386,50A0,major,112-1,113-2
00000000-0000-0000-0000-000000000386,1010,minor,113-1,113-2
00000000-0000-0000-0000-000000000536,6130,major,109-1,113-2
00000000-0000-0000-0000-000000000536,2010,minor,113-1,113-2
00000000-0000-0000-0000-000000000482,A013,major,108-1,113-2
00000000-0000-0000-0000-000000000251,5040,major,108-1,113-2
00000000-0000-0000-0000-000000000163,B010,major,107-1,113-2
00000000-0000-0000-0000-000000000278,5050,major,109-1,113-2
00000000-0000-0000-0000-000000000451,7050,major,113-1,113-2
00000000-0000-0000-0000-000000000451,H050,minor,113-1,113-2
00000000-0000-0000-0000-000000000292,3020,major,110-1,113-2
00000000-0000-0000-0000-000000000292,4030,major,113-1,113-2
00000000-0000-0000-0000-000000000292,2030,minor,112-1,113-2
00000000-0000-0000-0000-000000000367,2090,major,107-1,113-2
00000000-0000-0000-0000-000000000367,5010,double_major,111-1,113-2
00000000-0000-0000-0000-000000000537,7040,major,110-1,113-2
00000000-0000-0000-0000-000000000537,A011,major,111-1,113-2
00000000-0000-0000-0000-000000000537,2070,double_major,111-1,113-2
00000000-0000-0000-0000-000000000532,4120,major,107-1,113-2
00000000-0000-0000-0000-000000000606,2040,major,111-1,113-2
00000000-0000-0000-0000-000000000596,6090,major,112-1,113-2
00000000-0000-0000-0000-000000000512,7011,major,111-1,113-2
00000000-0000-0000-0000-000000000512,1011,major,112-1,113-2
00000000-0000-0000-0000-000000000460,4080,major,110-1,113-2
00000000-0000-0000-0000-000000000412,A012,major,111-1,113-2
00000000-0000-0000-0000-000000000507,A013,major,111-1,113-2
00000000-0000-0000-0000-000000000331,1010,major,111-1,113-2
00000000-0000-0000-0000-000000000331,4080,major,112-1,113-2
00000000-0000-0000-0000-000000000331,2090,minor,111-1,113-2
00000000-0000-0000-0000-000000000362,1010,major,110-1,113-2
00000000-0000-0000-0000-000000000299,3022,major,111-1,113-2
00000000-0000-0000-0000-000000000299,5080,minor,111-1,113-2
00000000-0000-0000-0000-000000000268,6090,major,106-1,113-2
00000000-0000-0000-0000-000000000268,5050,minor,112-1,113-2
00000000-0000-0000-0000-000000000603,5020,major,113-1,113-2
00000000-0000-0000-0000-000000000392,1010,major,109-1,113-2
00000000-0000-0000-0000-000000000328,8010,major,108-1,113-2
00000000-0000-0000-0000-000000000422,3050,major,113-1,113-2
00000000-0000-0000-0000-000000000248,7011,major,108-1,113-2
00000000-0000-0000-0000-000000000248,O020,minor,111-1,113-1
00000000-0000-0000-0000-000000000164,5090,major,107-1,113-2
00000000-0000-0000-0000-000000000164,3100,minor,111-1,113-2
00000000-0000-0000-0000-000000000266,4030,major,111-1,113-2
00000000-0000-0000-0000-000000000208,3020,major,110-1,113-2
00000000-0000-0000-0000-000000000208,A011,minor,112-1,113-2
00000000-0000-0000-0000-000000000348,6150,major,113-1,113-2
00000000-0000-0000-0000-000000000549,A012,major,113-1,113-2
00000000-0000-0000-0000-000000000224,5010,major,112-1,113-2
00000000-0000-0000-0000-000000000224,Z010,minor,112-1,113-2
00000000-0000-0000-0000-000000000521,B020,major,109-1,113-2
00000000-0000-0000-0000-000000000615,6070,major,111-1,113-2
00000000-0000-0000-0000-000000000615,9010,minor,112-1,113-2
00000000-0000-0000-0000-000000000588,1040,major,113-1,113-2
00000000-0000-0000-0000-000000000588,5010,minor,113-1,113-2
00000000-0000-0000-0000-000000000526,H060,major,109-1,113-2
00000000-0000-0000-0000-000000000385,1090,major,111-1,113-2
00000000-0000-0000-0000-000000000385,5010,minor,113-1,113-2
00000000-0000-0000-0000-000000000385,6120,double_major,112-1,113-2
00000000-0000-0000-0000-000000000567,4081,major,108-1,113-2
00000000-0000-0000-0000-000000000293,40A0,major,111-1,113-2
00000000-0000-0000-0000-000000000293,A013,double_major,113-1,113-2
00000000-0000-0000-0000-000000000255,H040,major,109-1,113-2
00000000-0000-0000-0000-000000000255,1030,minor,112-1,113-2
00000000-0000-0000-0000-000000000413,6020,major,109-1,113-2
00000000-0000-0000-0000-000000000413,6120,major,111-1,113-2
00000000-0000-0000-0000-000000000413,O010,minor,110-1,113-1
00000000-0000-0000-0000-000000000168,4031,major,109-1,113-2
00000000-0000-0000-0000-000000000149,Z010,major,108-1,113-2
00000000-0000-0000-0000-000000000396,4040,major,112-1,113-2
00000000-0000-0000-0000-000000000515,4020,major,109-1,113-2
00000000-0000-0000-0000-000000000618,7012,major,109-1,113-2
00000000-0000-0000-0000-000000000618,1020,double_major,110-1,113-2
00000000-0000-0000-0000-000000000535,3100,major,109-1,113-2
00000000-0000-0000-0000-000000000535,B0A0,major,113-1,113-2
00000000-0000-0000-0000-000000000158,4120,major,112-1,113-2
00000000-0000-0000-0000-000000000158,7030,double_major,112-1,113-2
00000000-0000-0000-0000-000000000477,2040,major,108-1,113-2
00000000-0000-0000-0000-000000000518,3022,major,108-1,113-2
00000000-0000-0000-0000-000000000146,A011,major,107-1,113-2
00000000-0000-0000-0000-000000000496,6110,major,108-1,113-2
00000000-0000-0000-0000-000000000496,7040,double_major,111-1,113-2
00000000-0000-0000-0000-000000000410,6110,major,112-1,113-2
00000000-0000-0000-0000-000000000410,6090,minor,112-1,113-2
00000000-0000-0000-0000-000000000177,4040,major,110-1,113-2
00000000-0000-0000-0000-000000000177,6020,double_major,111-1,113-2
00000000-0000-0000-0000-000000000393,5050,major,113-1,113-2
00000000-0000-0000-0000-000000000469,7011,major,110-1,113-2
00000000-0000-0000-0000-000000000469,H040,major,111-1,113-2
00000000-0000-0000-0000-000000000469,6150,minor,111-1,113-2
00000000-0000-0000-0000-000000000321,8010,major,109-1,113-2
00000000-0000-0000-0000-000000000468,A013,major,109-1,113-2
00000000-0000-0000-0000-000000000468,O010,major,110-1,113-2
00000000-0000-0000-0000-000000000403,1030,major,108-1,113-2
00000000-0000-0000-0000-000000000403,9010,major,109-1,113-2
00000000-0000-0000-0000-000000000403,30A0,minor,110-1,113-2
00000000-0000-0000-0000-000000000590,2040,major,111-1,113-2
00000000-0000-0000-0000-000000000249,B010,major,109-1,113-2
00000000-0000-0000-0000-000000000249,9020,double_major,110-1,113-2
00000000-0000-0000-0000-000000000522,6150,major,112-1,113-2
00000000-0000-0000-0000-000000000564,5040,major,108-1,113-2
00000000-0000-0000-0000-000000000416,4081,major,113-1,113-2
00000000-0000-0000-0000-000000000441,9010,major,109-1,113-2
00000000-0000-0000-0000-000000000441,2010,minor,111-1,113-2
00000000-0000-0000-0000-000000000566,7030,major,112-1,113-2
00000000-0000-0000-0000-000000000566,7012,double_major,112-1,113-2
00000000-0000-0000-0000-000000000316,7011,major,109-1,113-2
00000000-0000-0000-0000-000000000541,50A0,major,107-1,113-2
00000000-0000-0000-0000-000000000389,H040,major,113-1,113-2
00000000-0000-0000-0000-000000000427,6070,major,111-1,113-2
00000000-0000-0000-0000-000000000427,O010,minor,112-1,113-2
00000000-0000-0000-0000-000000000429,4081,major,108-1,113-2
00000000-0000-0000-0000-000000000429,5010,major,111-1,113-2
00000000-0000-0000-0000-000000000366,B010,major,108-1,113-2
00000000-0000-0000-0000-000000000190,6130,major,108-1,113-2
00000000-0000-0000-0000-000000000190,5080,major,111-1,113-2
00000000-0000-0000-0000-000000000489,7030,major,111-1,113-2
00000000-0000-0000-0000-000000000215,6060,major,109-1,113-2
00000000-0000-0000-0000-000000000193,30A0,major,109-1,113-2
00000000-0000-0000-0000-000000000602,4080,major,111-1,113-2
00000000-0000-0000-0000-000000000602,B010,major,112-1,113-2
00000000-0000-0000-0000-000000000390,1020,major,107-1,113-2
00000000-0000-0000-0000-000000000453,6030,major,107-1,113-2
00000000-0000-0000-0000-000000000433,6020,major,107-1,113-2
00000000-0000-0000-0000-000000000449,7012,major,108-1,113-2
00000000-0000-0000-0000-000000000290,6120,major,108-1,113-2
00000000-0000-0000-0000-000000000340,4010,major,111-1,113-2
00000000-0000-0000-0000-000000000355,3022,major,112-1,113-2
00000000-0000-0000-0000-000000000627,4020,major,107-1,113-2
00000000-0000-0000-0000-000000000545,2030,major,107-1,113-2
00000000-0000-0000-0000-000000000624,H050,major,113-1,113-2
00000000-0000-0000-0000-000000000578,7010,major,108-1,113-2
00000000-0000-0000-0000-000000000137,7010,major,113-1,113-2
00000000-0000-0000-0000-000000000137,O010,minor,113-1,113-2
00000000-0000-0000-0000-000000000359,B0A0,major,113-1,113-2
00000000-0000-0000-0000-000000000439,7011,major,110-1,113-2
00000000-0000-0000-0000-000000000439,1040,minor,113-1,113-2
00000000-0000-0000-0000-000000000493,B020,major,108-1,113-2
00000000-0000-0000-0000-000000000493,1030,major,109-1,113-2
00000000-0000-0000-0000-000000000286,6010,major,110-1,113-2
00000000-0000-0000-0000-000000000286,5040,major,111-1,113-2
00000000-0000-0000-0000-000000000454,6010,major,107-1,113-2
00000000-0000-0000-0000-000000000319,5010,major,112-1,113-2
00000000-0000-0000-0000-000000000531,1020,major,110-1,113-2
00000000-0000-0000-0000-000000000531,7010,minor,112-1,113-2
00000000-0000-0000-0000-000000000220,4040,major,112-1,113-2
00000000-0000-0000-0000-000000000220,5050,minor,112-1,113-2
00000000-0000-0000-0000-000000000620,1011,major,108-1,113-2
00000000-0000-0000-0000-000000000143,6070,major,107-1,113-2
00000000-0000-0000-0000-000000000143,40A0,minor,107-1,108-2
00000000-0000-0000-0000-000000000417,1020,major,109-1,113-2
00000000-0000-0000-0000-000000000189,6010,major,110-1,113-2
00000000-0000-0000-0000-000000000189,6030,double_major,110-1,112-1
00000000-0000-0000-0000-000000000570,3021,major,112-1,113-2
00000000-0000-0000-0000-000000000570,7012,minor,112-1,113-2
00000000-0000-0000-0000-000000000601,1040,major,107-1,113-2
00000000-0000-0000-0000-000000000446,4081,major,111-1,113-2
00000000-0000-0000-0000-000000000247,6080,major,113-1,113-2
00000000-0000-0000-0000-000000000337,5050,major,109-1,113-2
00000000-0000-0000-0000-000000000260,4080,major,109-1,113-2
00000000-0000-0000-0000-000000000260,A013,major,111-1,113-2
00000000-0000-0000-0000-000000000260,5040,double_major,110-1,113-2
00000000-0000-0000-0000-000000000296,2080,major,110-1,113-2
00000000-0000-0000-0000-000000000181,3030,major,108-1,113-2
00000000-0000-0000-0000-000000000160,3050,major,110-1,113-2
00000000-0000-0000-0000-000000000308,30A0,major,108-1,113-2
00000000-0000-0000-0000-000000000308,4030,major,109-1,113-2
00000000-0000-0000-0000-000000000308,6020,double_major,109-1,113-1
00000000-0000-0000-0000-000000000148,5040,major,111-1,113-2
00000000-0000-0000-0000-000000000148,7011,double_major,113-1,113-2
00000000-0000-0000-0000-000000000481,1050,major,111-1,113-2
00000000-0000-0000-0000-000000000481,1060,major,112-1,113-2
00000000-0000-0000-0000-000000000217,4081,major,113-1,113-2
00000000-0000-0000-0000-000000000217,5050,minor,113-1,113-2
00000000-0000-0000-0000-000000000510,1040,major,110-1,113-2
00000000-0000-0000-0000-000000000510,6100,major,113-1,113-2
00000000-0000-0000-0000-000000000510,3050,double_major,110-1,112-1
00000000-0000-0000-0000-000000000182,6120,major,110-1,113-2
00000000-0000-0000-0000-000000000516,A012,major,109-1,113-2
00000000-0000-0000-0000-000000000516,4090,major,112-1,113-2
00000000-0000-0000-0000-000000000516,60A0,minor,110-1,112-1
00000000-0000-0000-0000-000000000529,2030,major,108-1,113-2
00000000-0000-0000-0000-000000000344,1010,major,113-1,113-2
00000000-0000-0000-0000-000000000344,2090,minor,113-1,113-2
00000000-0000-0000-0000-000000000344,4010,double_major,113-1,113-2
00000000-0000-0000-0000-000000000511,5020,major,113-1,113-2
00000000-0000-0000-0000-000000000511,6050,minor,113-1,113-2
00000000-0000-0000-0000-000000000573,7060,major,108-1,113-2
00000000-0000-0000-0000-000000000288,4090,major,113-1,113-2
00000000-0000-0000-0000-000000000301,1050,major,113-1,113-2
00000000-0000-0000-0000-000000000301,7030,double_major,113-1,113-2
00000000-0000-0000-0000-000000000285,O010,major,113-1,113-2
00000000-0000-0000-0000-000000000501,5070,major,112-1,113-2
00000000-0000-0000-0000-000000000191,1010,major,110-1,113-2
00000000-0000-0000-0000-000000000191,5070,double_major,113-1,113-2
00000000-0000-0000-0000-000000000379,2010,major,109-1,113-2
00000000-0000-0000-0000-000000000475,H050,major,109-1,113-2
00000000-0000-0000-0000-000000000475,7010,minor,110-1,112-2
00000000-0000-0000-0000-000000000557,O010,major,111-1,113-2
00000000-0000-0000-0000-000000000557,H060,minor,113-1,113-2
00000000-0000-0000-0000-000000000609,1070,major,110-1,113-2
00000000-0000-0000-0000-000000000243,4080,major,109-1,113-2
00000000-0000-0000-0000-000000000447,2030,major,112-1,113-2
00000000-0000-0000-0000-000000000447,50A0,minor,113-1,113-2
00000000-0000-0000-0000-000000000192,40A0,major,107-1,113-2
00000000-0000-0000-0000-000000000131,2070,major,108-1,113-2
00000000-0000-0000-0000-000000000131,5040,major,109-1,113-2
00000000-0000-0000-0000-000000000341,6070,major,109-1,113-2
00000000-0000-0000-0000-000000000341,60A0,double_major,112-1,113-2
00000000-0000-0000-0000-000000000400,7012,major,110-1,113-2
00000000-0000-0000-0000-000000000448,7010,major,108-1,113-2
00000000-0000-0000-0000-000000000448,A013,major,109-1,113-2
00000000-0000-0000-0000-000000000161,4081,major,108-1,113-2
00000000-0000-0000-0000-000000000595,40A0,major,110-1,113-2
00000000-0000-0000-0000-000000000205,2020,major,107-1,113-2
00000000-0000-0000-0000-000000000424,3030,major,113-1,113-2
00000000-0000-0000-0000-000000000174,B010,major,108-1,113-2
00000000-0000-0000-0000-000000000212,A012,major,108-1,113-2
00000000-0000-0000-0000-000000000212,40A0,major,112-1,113-2
00000000-0000-0000-0000-000000000212,60A0,minor,108-1,111-2
00000000-0000-0000-0000-000000000524,4120,major,113-1,113-2
00000000-0000-0000-0000-000000000421,4090,major,107-1,113-2
00000000-0000-0000-0000-000000000421,1070,double_major,111-1,113-2
00000000-0000-0000-0000-000000000569,H060,major,110-1,113-2
00000000-0000-0000-0000-000000000569,3022,major,111-1,113-2
00000000-0000-0000-0000-000000000370,6150,major,112-1,113-2
00000000-0000-0000-0000-000000000370,6100,double_major,113-1,113-2
00000000-0000-0000-0000-000000000527,6130,major,111-1,113-2
00000000-0000-0000-0000-000000000527,60A0,major,113-1,113-2
00000000-0000-0000-0000-000000000394,6110,major,107-1,113-2
00000000-0000-0000-0000-000000000394,4080,double_major,111-1,113-2
00000000-0000-0000-0000-000000000334,1090,major,111-1,113-2
00000000-0000-0000-0000-000000000565,4120,major,109-1,113-2
00000000-0000-0000-0000-000000000562,2090,major,112-1,113-2
00000000-0000-0000-0000-000000000562,1020,minor,113-1,113-2
00000000-0000-0000-0000-000000000562,6030,double_major,113-1,113-2
00000000-0000-0000-0000-000000000360,6080,major,112-1,113-2
00000000-0000-0000-0000-000000000623,6150,major,113-1,113-2
00000000-0000-0000-0000-000000000221,1070,major,111-1,113-2
00000000-0000-0000-0000-000000000221,6030,major,112-1,113-2
00000000-0000-0000-0000-000000000221,6070,minor,111-1,113-2
00000000-0000-0000-0000-000000000561,2080,major,110-1,113-2
00000000-0000-0000-0000-000000000561,5070,double_major,110-1,112-2
00000000-0000-0000-0000-000000000259,1090,major,110-1,113-2
00000000-0000-0000-0000-000000000233,2040,major,108-1,113-2
00000000-0000-0000-0000-000000000151,1090,major,108-1,113-2
00000000-0000-0000-0000-000000000272,2040,major,112-1,113-2
00000000-0000-0000-0000-000000000272,6090,minor,112-1,113-2
00000000-0000-0000-0000-000000000506,3030,major,109-1,113-2
00000000-0000-0000-0000-000000000196,7060,major,113-1,113-2
00000000-0000-0000-0000-000000000196,3030,minor,113-1,113-2
00000000-0000-0000-0000-000000000167,60A0,major,109-1,113-2
00000000-0000-0000-0000-000000000459,6100,major,110-1,113-2
00000000-0000-0000-0000-000000000281,2070,major,112-1,113-2
00000000-0000-0000-0000-000000000300,1050,major,113-1,113-2
00000000-0000-0000-0000-000000000325,40A0,major,111-1,113-2
00000000-0000-0000-0000-000000000325,5090,major,112-1,113-2
00000000-0000-0000-0000-000000000320,5010,major,110-1,113-2
00000000-0000-0000-0000-000000000320,3022,minor,113-1,113-2
00000000-0000-0000-0000-000000000614,2020,major,108-1,113-2
00000000-0000-0000-0000-000000000587,3023,major,108-1,113-2
00000000-0000-0000-0000-000000000539,50A0,major,110-1,113-2
00000000-0000-0000-0000-000000000622,A012,major,113-1,113-2
00000000-0000-0000-0000-000000000622,4080,minor,113-1,113-2
00000000-0000-0000-0000-000000000622,6030,double_major,113-1,113-2
00000000-0000-0000-0000-000000000555,5020,major,110-1,113-2
00000000-0000-0000-0000-000000000165,1070,major,108-1,113-2
00000000-0000-0000-0000-000000000228,6100,major,110-1,113-2
00000000-0000-0000-0000-000000000365,9010,major,107-1,113-2
00000000-0000-0000-0000-000000000252,1070,major,106-1,113-2
00000000-0000-0000-0000-000000000467,6120,major,113-1,113-2
00000000-0000-0000-0000-000000000352,Z010,major,113-1,113-2
00000000-0000-0000-0000-000000000219,A013,major,108-1,113-2
00000000-0000-0000-0000-000000000600,7040,major,109-1,113-2
00000000-0000-0000-0000-000000000434,6060,major,111-1,113-2
00000000-0000-0000-0000-000000000246,3050,major,107-1,113-2
00000000-0000-0000-0000-000000000246,7060,major,110-1,113-2
00000000-0000-0000-0000-000000000330,1050,major,110-1,113-2
00000000-0000-0000-0000-000000000155,7011,major,107-1,113-2
00000000-0000-0000-0000-000000000155,6010,minor,112-1,113-2
00000000-0000-0000-0000-000000000267,5080,major,107-1,113-2
00000000-0000-0000-0000-000000000267,7050,double_major,107-1,109-1
00000000-0000-0000-0000-000000000338,6100,major,109-1,113-2
00000000-0000-0000-0000-000000000591,6150,major,107-1,113-2
00000000-0000-0000-0000-000000000402,6090,major,108-1,113-2
00000000-0000-0000-0000-000000000402,1050,minor,108-1,111-1
00000000-0000-0000-0000-000000000373,3030,major,109-1,113-2
00000000-0000-0000-0000-000000000628,7030,major,112-1,113-2
00000000-0000-0000-0000-000000000315,4040,major,110-1,113-2
00000000-0000-0000-0000-000000000315,1060,double_major,111-1,113-1
00000000-0000-0000-0000-000000000258,3100,major,108-1,113-2
00000000-0000-0000-0000-000000000584,6100,major,110-1,113-2
00000000-0000-0000-0000-000000000304,B010,major,113-1,113-2
00000000-0000-0000-0000-000000000263,2020,major,109-1,113-2
00000000-0000-0000-0000-000000000186,1011,major,111-1,113-2
00000000-0000-0000-0000-000000000399,60A0,major,107-1,113-2
00000000-0000-0000-0000-000000000244,7040,major,109-1,113-2
00000000-0000-0000-0000-000000000382,2020,major,110-1,113-2
00000000-0000-0000-0000-000000000270,2010,major,106-1,113-2
00000000-0000-0000-0000-000000000270,8010,major,107-1,113-2
00000000-0000-0000-0000-000000000270,6150,double_major,109-1,111-1
00000000-0000-0000-0000-000000000216,9010,major,107-1,113-2
00000000-0000-0000-0000-000000000216,6100,minor,112-1,113-2
00000000-0000-0000-0000-000000000538,7020,major,110-1,113-2
00000000-0000-0000-0000-000000000538,2040,double_major,113-1,113-2
00000000-0000-0000-0000-000000000599,5080,major,106-1,113-2
00000000-0000-0000-0000-000000000497,Z010,major,108-1,113-2
00000000-0000-0000-0000-000000000625,6120,major,111-1,113-2
00000000-0000-0000-0000-000000000166,1040,major,111-1,113-2
00000000-0000-0000-0000-000000000166,6010,major,113-1,113-2
00000000-0000-0000-0000-000000000508,1010,major,111-1,113-2
00000000-0000-0000-0000-000000000579,6020,major,112-1,113-2
00000000-0000-0000-0000-000000000579,3050,minor,113-1,113-2
00000000-0000-0000-0000-000000000184,7012,major,111-1,113-2
00000000-0000-0000-0000-000000000184,4010,minor,111-1,113-2
00000000-0000-0000-0000-000000000444,7012,major,111-1,113-2
00000000-0000-0000-0000-000000000409,6070,major,111-1,113-2
00000000-0000-0000-0000-000000000409,6120,double_major,112-1,113-2
00000000-0000-0000-0000-000000000517,3023,major,110-1,113-2
00000000-0000-0000-0000-000000000517,7012,major,112-1,113-2
00000000-0000-0000-0000-000000000517,6010,minor,111-1,112-2
00000000-0000-0000-0000-000000000277,6150,major,109-1,113-2
00000000-0000-0000-0000-000000000440,6130,major,106-1,113-2
00000000-0000-0000-0000-000000000142,6010,major,113-1,113-2
00000000-0000-0000-0000-000000000306,3023,major,113-1,113-2
00000000-0000-0000-0000-000000000404,6120,major,113-1,113-2
00000000-0000-0000-0000-000000000404,H050,double_major,113-1,113-2
00000000-0000-0000-0000-000000000397,4120,major,107-1,113-2
00000000-0000-0000-0000-000000000593,3022,major,110-1,113-2
00000000-0000-0000-0000-000000000239,2010,major,110-1,113-2
00000000-0000-0000-0000-000000000239,1090,major,111-1,113-2
00000000-0000-0000-0000-000000000222,1040,major,111-1,113-2
00000000-0000-0000-0000-000000000213,4020,major,110-1,113-2
00000000-0000-0000-0000-000000000211,6120,major,107-1,113-2
00000000-0000-0000-0000-000000000250,7040,major,108-1,113-2
00000000-0000-0000-0000-000000000574,1010,major,113-1,113-2
00000000-0000-0000-0000-000000000574,3020,minor,113-1,113-2
00000000-0000-0000-0000-000000000616,4080,major,113-1,113-2
00000000-0000-0000-0000-000000000616,O020,minor,113-1,113-2
00000000-0000-0000-0000-000000000408,6010,major,107-1,113-2
00000000-0000-0000-0000-000000000408,9010,minor,113-1,113-2
00000000-0000-0000-0000-000000000368,7012,major,113-1,113-2
00000000-0000-0000-0000-000000000377,9010,major,112-1,113-2
00000000-0000-0000-0000-000000000377,3021,minor,112-1,113-2
00000000-0000-0000-0000-000000000543,60A0,major,107-1,113-2
00000000-0000-0000-0000-000000000372,A013,major,110-1,113-2
00000000-0000-0000-0000-000000000242,2030,major,112-1,113-2
00000000-0000-0000-0000-000000000456,5010,major,110-1,113-2
00000000-0000-0000-0000-000000000455,H060,major,112-1,113-2
00000000-0000-0000-0000-000000000223,2010,major,112-1,113-2
00000000-0000-0000-0000-000000000547,60A0,major,106-1,113-2
00000000-0000-0000-0000-000000000418,4080,major,107-1,113-2
00000000-0000-0000-0000-000000000502,1070,major,109-1,113-2
00000000-0000-0000-0000-000000000502,5080,major,113-1,113-2
00000000-0000-0000-0000-000000000502,4010,minor,113-1,113-2
00000000-0000-0000-0000-000000000425,2070,major,108-1,113-2
00000000-0000-0000-0000-000000000425,30A0,major,110-1,113-2
00000000-0000-0000-0000-000000000425,1050,minor,110-1,113-2
00000000-0000-0000-0000-000000000159,2010,major,110-1,113-2
00000000-0000-0000-0000-000000000159,4080,minor,112-1,113-2
00000000-0000-0000-0000-000000000159,4010,double_major,112-1,113-2
00000000-0000-0000-0000-000000000430,5050,major,113-1,113-2
00000000-0000-0000-0000-000000000430,9020,double_major,113-1,113-2
00000000-0000-0000-0000-000000000380,4080,major,108-1,113-2
00000000-0000-0000-0000-000000000465,H040,major,107-1,113-2
00000000-0000-0000-0000-000000000398,1030,major,112-1,113-2
00000000-0000-0000-0000-000000000139,3030,major,113-1,113-2
00000000-0000-0000-0000-000000000241,A012,major,109-1,113-2
00000000-0000-0000-0000-000000000613,3100,major,111-1,113-2
00000000-0000-0000-0000-000000000505,40A0,major,110-1,113-2
00000000-0000-0000-0000-000000000505,5090,major,113-1,113-2
00000000-0000-0000-0000-000000000312,4081,major,108-1,113-2
00000000-0000-0000-0000-000000000144,6020,major,111-1,113-2
00000000-0000-0000-0000-000000000310,50A0,major,108-1,113-2
00000000-0000-0000-0000-000000000476,9020,major,107-1,113-2
00000000-0000-0000-0000-000000000227,4081,major,112-1,113-2
00000000-0000-0000-0000-000000000336,2090,major,113-1,113-2
00000000-0000-0000-0000-000000000483,3020,major,108-1,113-2
00000000-0000-0000-0000-000000000483,3021,minor,109-1,110-2
00000000-0000-0000-0000-000000000240,A013,major,110-1,113-2
00000000-0000-0000-0000-000000000381,5080,major,109-1,113-2
00000000-0000-0000-0000-000000000381,1090,major,113-1,113-2
00000000-0000-0000-0000-000000000381,5070,minor,110-1,113-2
00000000-0000-0000-0000-000000000391,B0A0,major,112-1,113-2
00000000-0000-0000-0000-000000000269,5050,major,108-1,113-2
00000000-0000-0000-0000-000000000269,A011,minor,112-1,113-2
00000000-0000-0000-0000-000000000550,1060,major,112-1,113-2
00000000-0000-0000-0000-000000000271,Z010,major,109-1,113-2
00000000-0000-0000-0000-000000000271,3100,minor,109-1,112-2
00000000-0000-0000-0000-000000000405,7012,major,107-1,113-2
00000000-0000-0000-0000-000000000597,50A0,major,112-1,113-2
00000000-0000-0000-0000-000000000571,5010,major,110-1,113-2
00000000-0000-0000-0000-000000000407,4031,major,109-1,113-2
00000000-0000-0000-0000-000000000407,3022,minor,110-1,112-1
00000000-0000-0000-0000-000000000232,1060,major,111-1,113-2
00000000-0000-0000-0000-000000000232,4080,double_major,111-1,113-1
00000000-0000-0000-0000-000000000145,1050,major,107-1,113-2
00000000-0000-0000-0000-000000000480,A011,major,110-1,113-2
00000000-0000-0000-0000-000000000480,8010,minor,113-1,113-2
00000000-0000-0000-0000-000000000480,4030,double_major,113-1,113-2
00000000-0000-0000-0000-000000000347,5090,major,107-1,113-2
00000000-0000-0000-0000-000000000604,2030,major,110-1,113-2
00000000-0000-0000-0000-000000000494,2020,major,111-1,113-2
00000000-0000-0000-0000-000000000494,4090,minor,111-1,113-2
00000000-0000-0000-0000-000000000264,H040,major,110-1,113-2
00000000-0000-0000-0000-000000000264,6110,major,112-1,113-2
00000000-0000-0000-0000-000000000264,2030,minor,110-1,111-2
00000000-0000-0000-0000-000000000169,B020,major,110-1,113-2
00000000-0000-0000-0000-000000000280,A013,major,113-1,113-2
00000000-0000-0000-0000-000000000544,A013,major,113-1,113-2
00000000-0000-0000-0000-000000000375,4081,major,107-1,113-2
00000000-0000-0000-0000-000000000553,1060,major,108-1,113-2
00000000-0000-0000-0000-000000000136,A012,major,113-1,113-2
00000000-0000-0000-0000-000000000206,7040,major,108-1,113-2
00000000-0000-0000-0000-000000000180,2080,major,110-1,113-2
00000000-0000-0000-0000-000000000426,5070,major,112-1,113-2
00000000-0000-0000-0000-000000000426,40A0,minor,112-1,113-2
00000000-0000-0000-0000-000000000335,50A0,major,110-1,113-2
00000000-0000-0000-0000-000000000335,3022,major,111-1,113-2
00000000-0000-0000-0000-000000000335,4081,minor,110-1,113-1
00000000-0000-0000-0000-000000000629,6070,major,108-1,113-2
00000000-0000-0000-0000-000000000629,40A0,double_major,109-1,112-1
00000000-0000-0000-0000-000000000135,B010,major,112-1,113-2
00000000-0000-0000-0000-000000000135,7010,double_major,113-1,113-2
00000000-0000-0000-0000-000000000374,7020,major,113-1,113-2
00000000-0000-0000-0000-000000000594,3023,major,112-1,113-2
00000000-0000-0000-0000-000000000452,3100,major,108-1,113-2
00000000-0000-0000-0000-000000000141,4031,major,109-1,113-2
00000000-0000-0000-0000-000000000257,8010,major,110-1,113-2
00000000-0000-0000-0000-000000000195,5050,major,109-1,113-2
00000000-0000-0000-0000-000000000195,H040,major,112-1,113-2
00000000-0000-0000-0000-000000000225,4031,major,109-1,113-2
00000000-0000-0000-0000-000000000361,4081,major,111-1,113-2
00000000-0000-0000-0000-000000000236,4010,major,113-1,113-2
00000000-0000-0000-0000-000000000294,6150,major,111-1,113-2
00000000-0000-0000-0000-000000000509,H060,major,110-1,113-2
00000000-0000-0000-0000-000000000621,7012,major,108-1,113-2
00000000-0000-0000-0000-000000000580,A012,major,111-1,113-2
00000000-0000-0000-0000-000000000580,5070,minor,113-1,113-2
00000000-0000-0000-0000-000000000282,3021,major,112-1,113-2
00000000-0000-0000-0000-000000000406,40A0,major,113-1,113-2
00000000-0000-0000-0000-000000000406,6100,minor,113-1,113-2
00000000-0000-0000-0000-000000000406,6150,double_major,113-1,113-2
00000000-0000-0000-0000-000000000630,B0A0,major,111-1,113-2
00000000-0000-0000-0000-000000000630,6090,minor,112-1,113-2
00000000-0000-0000-0000-000000000303,2070,major,112-1,113-2
